n,time_list,time_matrix
500,0.004115,0.016021
1000,0.034134,0.060264
1500,0.093589,0.139613
2000,0.173938,0.254521
2500,0.277396,0.398561
3000,0.415073,0.5816
3500,0.567971,0.796741
4000,0.764129,1.068489
4500,0.958399,1.332372
5000,1.192957,1.644578
5500,1.443882,1.990022
6000,1.740105,2.390121
6500,2.05027,2.817778
7000,2.387948,3.26462
7500,2.748405,3.730051
